{
  "configs": {
    "multitask": {
      "lambda_weight": 1.0,
      "lambda_delta": 0.1
    },
    "multitask2": {
      "lambda_weight": 0.5,
      "lambda_delta": 0.5
    },
    "delta_only": {
      "lambda_weight": 0.0,
      "lambda_delta": 1.0
    },
    "weight_only": {
      "lambda_weight": 1.0,
      "lambda_delta": 0.0
    }
  },
  "num_trials": 3,
  "seeds": [
    42,
    123,
    456
  ],
  "summary": {
    "multitask": {
      "final_loss_mean": 0.00020417906246924153,
      "final_loss_std": 1.0537025923049424e-05,
      "mean_cosine_mean": 0.053417238862150246,
      "mean_cosine_std": 0.0013522244486512563
    },
    "multitask2": {
      "final_loss_mean": 0.00100918288808316,
      "final_loss_std": 4.488907270801647e-05,
      "mean_cosine_mean": 0.057028978276583875,
      "mean_cosine_std": 0.0006220173649626905
    },
    "delta_only": {
      "final_loss_mean": 0.002014545646185676,
      "final_loss_std": 9.733025713753015e-05,
      "mean_cosine_mean": 0.058061313163489094,
      "mean_cosine_std": 0.0023072912157858665
    },
    "weight_only": {
      "final_loss_mean": 0.0,
      "final_loss_std": 0.0,
      "mean_cosine_mean": 0.0029138100747432977,
      "mean_cosine_std": 0.010180186606634122
    }
  },
  "all_trials": [
    {
      "config_name": "multitask",
      "trial": 0,
      "seed": 42,
      "lambda_weight": 1.0,
      "lambda_delta": 0.1,
      "final_loss": 0.00019379954028408974,
      "best_loss": 0.00019296669051982462,
      "train_time": 1313.0617697238922,
      "eval_loss": 0.00021121772782256205,
      "eval_loss_delta": 0.0021121772471815346,
      "mean_cosine": 0.05374463728318612,
      "std_cosine": 0.22564083493091544,
      "min_cosine": -0.44472354650497437,
      "max_cosine": 0.5430562496185303
    },
    {
      "config_name": "multitask",
      "trial": 1,
      "seed": 123,
      "lambda_weight": 1.0,
      "lambda_delta": 0.1,
      "final_loss": 0.00020387081895023584,
      "best_loss": 0.0001959158544195816,
      "train_time": 1288.1177711486816,
      "eval_loss": 0.00021162247091221313,
      "eval_loss_delta": 0.0021162246819585563,
      "mean_cosine": 0.05193137526512146,
      "std_cosine": 0.2245589535354005,
      "min_cosine": -0.4358792304992676,
      "max_cosine": 0.5342459678649902
    },
    {
      "config_name": "multitask",
      "trial": 2,
      "seed": 456,
      "lambda_weight": 1.0,
      "lambda_delta": 0.1,
      "final_loss": 0.00021486682817339897,
      "best_loss": 0.0001986002316698432,
      "train_time": 1292.9686229228973,
      "eval_loss": 0.00021103222582799692,
      "eval_loss_delta": 0.0021103222388774157,
      "mean_cosine": 0.05457570403814316,
      "std_cosine": 0.22351123025528044,
      "min_cosine": -0.4353356957435608,
      "max_cosine": 0.5542082190513611
    },
    {
      "config_name": "multitask2",
      "trial": 0,
      "seed": 42,
      "lambda_weight": 0.5,
      "lambda_delta": 0.5,
      "final_loss": 0.0009651185246184468,
      "best_loss": 0.0009635252645239234,
      "train_time": 1290.7374935150146,
      "eval_loss": 0.0010523489909246564,
      "eval_loss_delta": 0.0021046979818493128,
      "mean_cosine": 0.05709533654153347,
      "std_cosine": 0.23473138930246884,
      "min_cosine": -0.4464644491672516,
      "max_cosine": 0.5997445583343506
    },
    {
      "config_name": "multitask2",
      "trial": 1,
      "seed": 123,
      "lambda_weight": 0.5,
      "lambda_delta": 0.5,
      "final_loss": 0.0010075765894725919,
      "best_loss": 0.0009689036523923278,
      "train_time": 1291.2978868484497,
      "eval_loss": 0.0010531513175616662,
      "eval_loss_delta": 0.0021063026351233324,
      "mean_cosine": 0.05637644218901793,
      "std_cosine": 0.23486028407735604,
      "min_cosine": -0.4416004419326782,
      "max_cosine": 0.5505582094192505
    },
    {
      "config_name": "multitask2",
      "trial": 2,
      "seed": 456,
      "lambda_weight": 0.5,
      "lambda_delta": 0.5,
      "final_loss": 0.001054853550158441,
      "best_loss": 0.0009730346500873566,
      "train_time": 1291.6322503089905,
      "eval_loss": 0.0010517688157657783,
      "eval_loss_delta": 0.0021035376315315566,
      "mean_cosine": 0.057615156099200246,
      "std_cosine": 0.22861742772835034,
      "min_cosine": -0.4448990225791931,
      "max_cosine": 0.5954638123512268
    },
    {
      "config_name": "delta_only",
      "trial": 0,
      "seed": 42,
      "lambda_weight": 0.0,
      "lambda_delta": 1.0,
      "final_loss": 0.0019263129215687513,
      "best_loss": 0.0019109181594103575,
      "train_time": 1292.955308675766,
      "eval_loss": 0.002097401022911072,
      "eval_loss_delta": 0.002097401022911072,
      "mean_cosine": 0.060364370420575145,
      "std_cosine": 0.24109928107575948,
      "min_cosine": -0.46830499172210693,
      "max_cosine": 0.6004322171211243
    },
    {
      "config_name": "delta_only",
      "trial": 1,
      "seed": 123,
      "lambda_weight": 0.0,
      "lambda_delta": 1.0,
      "final_loss": 0.001998375868424773,
      "best_loss": 0.0019189815502613783,
      "train_time": 1287.165049791336,
      "eval_loss": 0.0021077013884981473,
      "eval_loss_delta": 0.0021077013884981473,
      "mean_cosine": 0.05574981117000182,
      "std_cosine": 0.23260158117555282,
      "min_cosine": -0.4467046856880188,
      "max_cosine": 0.5404930710792542
    },
    {
      "config_name": "delta_only",
      "trial": 2,
      "seed": 456,
      "lambda_weight": 0.0,
      "lambda_delta": 1.0,
      "final_loss": 0.0021189481485635042,
      "best_loss": 0.0019640407990664244,
      "train_time": 1292.4518172740936,
      "eval_loss": 0.0021025228469322126,
      "eval_loss_delta": 0.0021025228469322126,
      "mean_cosine": 0.05806975789989034,
      "std_cosine": 0.23443899136907428,
      "min_cosine": -0.4424916207790375,
      "max_cosine": 0.5951781868934631
    },
    {
      "config_name": "weight_only",
      "trial": 0,
      "seed": 42,
      "lambda_weight": 1.0,
      "lambda_delta": 0.0,
      "final_loss": 0.0,
      "best_loss": 0.0,
      "train_time": 1284.474148273468,
      "eval_loss": 0.0,
      "eval_loss_delta": 0.0022397706595559913,
      "mean_cosine": -0.0034172299318015577,
      "std_cosine": 0.09605275251692484,
      "min_cosine": -0.15015153586864471,
      "max_cosine": 0.22448164224624634
    },
    {
      "config_name": "weight_only",
      "trial": 1,
      "seed": 123,
      "lambda_weight": 1.0,
      "lambda_delta": 0.0,
      "final_loss": 0.0,
      "best_loss": 0.0,
      "train_time": 1285.3997542858124,
      "eval_loss": 0.0,
      "eval_loss_delta": 0.0022377193594972293,
      "mean_cosine": -0.002498236515869697,
      "std_cosine": 0.09214566912511285,
      "min_cosine": -0.1659424602985382,
      "max_cosine": 0.24266928434371948
    },
    {
      "config_name": "weight_only",
      "trial": 2,
      "seed": 456,
      "lambda_weight": 1.0,
      "lambda_delta": 0.0,
      "final_loss": 0.0,
      "best_loss": 0.0,
      "train_time": 1287.409386396408,
      "eval_loss": 0.0,
      "eval_loss_delta": 0.0021994265882919234,
      "mean_cosine": 0.014656896671901147,
      "std_cosine": 0.10141387971155943,
      "min_cosine": -0.1988832652568817,
      "max_cosine": 0.30538904666900635
    }
  ]
}