config_name,trial,seed,lambda_weight,lambda_delta,final_loss,best_loss,train_time,eval_loss,eval_loss_delta,mean_cosine,std_cosine,min_cosine,max_cosine
multitask,0,42,1.0,0.1,0.00011792338773375377,0.0001072620816557901,467.13581252098083,0.00012091575222762508,0.0012091574802373846,0.4582974910736084,0.09724052154179753,0.33322873711586,0.5880260467529297
multitask,1,123,1.0,0.1,0.0001207220684591448,0.00010602728434605524,510.2221643924713,0.00011660692123566857,0.0011660692204410832,0.4776010248396132,0.08730398343398901,0.3479154109954834,0.5937029123306274
multitask,2,456,1.0,0.1,0.00012118389713577926,0.00011098530376330018,510.564249753952,0.00011982031315306408,0.0011982031088943283,0.463205013010237,0.09347327391665725,0.3183109760284424,0.5929608345031738
delta_only,0,42,0.0,1.0,0.0009185003145830706,0.000859646694152616,607.4698302745819,0.000932476864868982,0.000932476864868982,0.5822503930992551,0.08352568329640904,0.39250627160072327,0.6894934177398682
delta_only,1,123,0.0,1.0,0.0009112504922086373,0.000814629442174919,471.14465403556824,0.0008856642654993468,0.0008856642654993468,0.6032224231296115,0.05289648280008109,0.5068773627281189,0.6767088174819946
delta_only,2,456,0.0,1.0,0.0010067812399938703,0.0009159383771475405,470.8916754722595,0.0009791739673043291,0.0009791739673043291,0.5613300568527646,0.08500573637865619,0.4213504195213318,0.6593908071517944
weight_only,0,42,1.0,0.0,0.0,0.0,467.7220833301544,0.0,0.00225958499747018,-0.012294058170583513,0.1237237159390708,-0.27176031470298767,0.14150473475456238
weight_only,1,123,1.0,0.0,0.0,0.0,434.1227533817291,0.0,0.0023422796123971543,-0.04934120178222656,0.15235586727773145,-0.3088703751564026,0.25767403841018677
weight_only,2,456,1.0,0.0,0.0,0.0,462.86572003364563,0.0,0.0022350974743151003,-0.0013236007135775355,0.10894693933283534,-0.13301628828048706,0.2586154639720917
